"lengthscales","num_cv"
4.15970659255981,1
4.15970706939697,2
4.15970706939697,3
4.15970706939697,4
4.15970659255981,5
4.15970659255981,6
4.15970659255981,7
4.15970706939697,8
4.15970706939697,9
4.15970706939697,10
4.15970659255981,11
4.15970659255981,12
4.15970659255981,13
4.15970659255981,14
4.15970706939697,15
4.15970706939697,16
4.15970706939697,17
4.15970659255981,18
4.15970611572266,19
4.15970659255981,20
