"epochs","BARTMean","BARTsd","MIMean","MIsd","GPMean","GPsd","actual","runtimeBART","runtimeMI","runtimeGP"
1,28084.7489655507,10145.8576997299,10814.2373145196,NA,1236.86774641496,0.129439562679682,53648.0081966703,56.096,0.0120000000000005,1.785
2,29734.4389524081,13711.0923311998,5633.05415371855,7487.57373031654,3214.15653632903,0.0911821535312312,53648.0081966703,56.096,0.0120000000000005,1.785
