"epochs","BARTMean","BARTsd","MIMean","MIsd","GPMean","GPsd","actual"
1,148.715140253656,4.12348954995968,142.277895836736,NA,43.5116312115431,0.85434496663274,141.68
2,147.204685925938,3.91861413040664,191.465051826972,162.102823301556,190.396916553832,0.854348734039258,141.68
3,147.026815049764,3.70509679829523,65.1962298884408,18.4531344572932,199.988490073574,0.854349039157388,141.68
4,147.400307772541,3.65535671444891,192.297181890172,92.1186564979848,183.04928443545,0.854349061207149,141.68
5,146.828681017429,3.35547271245298,254.606041392307,269.328649465587,173.921966224415,0.854349067582554,141.68
