"BARTMean","BARTsd","MIMean","MIsd","GPMean","GPsd","actual.integral","actual.error","actual.functionEvaluations","actual.returnCode","actual.integral.1","actual.error.1","actual.functionEvaluations.1","actual.returnCode.1"
NA,NA,2504200542.92423,NA,48943878140.119,0.437213335132556,11.9028987792923,8.781382153078e-05,13695,0,11.9028987792923,8.781382153078e-05,13695,0
NA,NA,63623765898.2785,88137912706.653,268091823781.484,0.441440928126383,11.9028987792923,8.781382153078e-05,13695,0,11.9028987792923,8.781382153078e-05,13695,0
