"BARTMean","BARTsd","MIMean","MIsd","GPMean","GPsd","actual.integral","actual.error","actual.functionEvaluations","actual.returnCode","actual.integral.1","actual.error.1","actual.functionEvaluations.1","actual.returnCode.1"
NA,NA,658.41725108322,NA,1571.03632899482,0.78873553398076,11.9028987792923,8.78138216484636e-05,363,0,11.9028987792923,8.78138216484636e-05,363,0
NA,NA,1244.44186674507,323.160173860812,1171.47048557656,0.789433428286351,11.9028987792923,8.78138216484636e-05,363,0,11.9028987792923,8.78138216484636e-05,363,0
