"BARTMean","BARTsd","MIMean","MIsd","GPMean","GPsd","actual.integral","actual.error","actual.functionEvaluations","actual.returnCode","actual.integral.1","actual.error.1","actual.functionEvaluations.1","actual.returnCode.1"
NA,NA,91.0453207528988,NA,144.85788356737,0.854344215470934,11.9028987792923,8.78138216471314e-05,187,0,11.9028987792923,8.78138216471314e-05,187,0
NA,NA,96.5034284520559,92.1939966590355,184.243254928232,0.854348044574334,11.9028987792923,8.78138216471314e-05,187,0,11.9028987792923,8.78138216471314e-05,187,0
