"epochs","BARTMean","BARTsd","MIMean","MIsd","GPMean","GPsd","actual"
1,8.55671781564645,1.49141545900737,0,NA,1.43760757430319,0.854347633216837,5.0019
2,8.36006882626845,1.41477995350126,0,0,1.3960969226327,0.854348945631594,5.0019
3,8.30406185871886,1.35788501224844,0,0,1.49146178373985,0.854349089720695,5.0019
4,8.26444155788347,1.31613996866822,0,0,1.46711851267179,0.854349106023484,5.0019
5,8.21357929855808,1.55133683885375,12.9605312396211,18.4101239550897,1.41670268526138,0.854349145495509,5.0019
