"BARTMean","BARTsd","MIMean","MIsd","GPMean","GPsd","actual.integral","actual.error","actual.functionEvaluations","actual.returnCode","actual.integral.1","actual.error.1","actual.functionEvaluations.1","actual.returnCode.1"
NA,NA,111561.977053155,NA,219081.238589679,0.670228862858989,11.9028987792923,8.78138216420243e-05,1023,0,11.9028987792923,8.78138216420243e-05,1023,0
NA,NA,455780.674806905,347964.023707882,220509.911444068,0.672535659242702,11.9028987792923,8.78138216420243e-05,1023,0,11.9028987792923,8.78138216420243e-05,1023,0
