"BARTMean","BARTsd","MIMean","MIsd","GPMean","GPsd","actual.integral","actual.error","actual.functionEvaluations","actual.returnCode","actual.integral.1","actual.error.1","actual.functionEvaluations.1","actual.returnCode.1"
NA,NA,112270632493262288,NA,4.23090413778194e+21,0.172080477380044,11.9028987792956,8.78137916773269e-05,11543587,0,11.9028987792956,8.78137916773269e-05,11543587,0
NA,NA,21257557519606845440,4091568418828350464,4.22655308462181e+21,0.17652634070574,11.9028987792956,8.78137916773269e-05,11543587,0,11.9028987792956,8.78137916773269e-05,11543587,0
