"epochs","BARTMean","BARTsd","MIMean","MIsd","GPMean","GPsd","actual","runtimeBART","runtimeMI","runtimeGP"
1,0.043825818896095,0.0146644214952615,0.0513000238353639,NA,0.0303507424287091,0.000169009347978752,NA,13.873,0.011000000000001,1.752
2,0.0441203877092579,0.0110638968681049,3.38866734627221e-08,4.79229931946724e-08,0.0322501517657656,0.000168721896178937,NA,13.873,0.011000000000001,1.752
