"epochs","BARTMean","BARTsd","MIMean","MIsd","GPMean","GPsd","actual","runtimeBART","runtimeMI","runtimeGP"
1,0.0149115036006154,0.0061133309219759,4.15621864207163e-27,NA,0.0112665732831374,0.000864475280018965,0.01333333,14.6,0.0069999999999979,1.911
2,0.016832354840407,0.0055694061380184,7.72307799650531e-22,1.09220816456735e-21,0.0110632093237655,0.000864418432720244,0.01333333,14.6,0.0069999999999979,1.911
