"BARTMean","BARTsd","MIMean","MIsd","GPMean","GPsd","actual"
NA,NA,1.62579105866674e-07,NA,4.87294088107872e-07,0.672994957641611,-0.00138888888888889
NA,NA,7.20734025269907e-08,4.7402453275593e-08,4.96262239317539e-07,0.673472969589357,-0.00138888888888889
