"BARTMean","BARTsd","MIMean","MIsd","GPMean","GPsd","actual"
NA,NA,0.493458897436579,NA,0.171140055707003,0.924310102208022,-0.5
NA,NA,0.213488366745399,0.158887368183724,0.168278945337688,0.924310102740129,-0.5
