"BARTMean","BARTsd","MIMean","MIsd","GPMean","GPsd","actual"
NA,NA,6.38046769633061e-17,NA,5.79533925567713e-15,0.440851394127632,2.50521083854427e-08
NA,NA,9.71367535461544e-17,6.22980086894901e-18,4.7810267946121e-15,0.443520859419571,2.50521083854427e-08
