"BARTMean","BARTsd","MIMean","MIsd","GPMean","GPsd","actual"
NA,NA,2.73517316740096e-38,NA,2.27453053817507e-35,0.169526274761835,1.95729410627636e-20
NA,NA,2.24150149861184e-36,6.33577717087794e-37,2.08884939079372e-35,0.176556427962076,1.95729410627636e-20
