"BARTMean","BARTsd","MIMean","MIsd","GPMean","GPsd","actual"
NA,NA,4.27880058560867e-38,NA,1.40091515780226e-34,0.169025358967394,1.95729410627636e-20
NA,NA,3.31440051045386e-35,4.67165054815999e-35,1.10777745485672e-34,0.175498158231123,1.95729410627636e-20
