"BARTMean","BARTsd","MIMean","MIsd","GPMean","GPsd","actual"
NA,NA,0.00552352498453434,NA,0.0111340469443131,0.854333138287624,0.166666666666667
NA,NA,0.00254863024534539,0.00189844613251523,0.0377840556298709,0.854348480436216,0.166666666666667
