"BARTMean","BARTsd","MIMean","MIsd","GPMean","GPsd","actual"
NA,NA,0.00356632272234105,0.00252177098086703,0.0085359182358515,0.854330395879024,0.166666666666667
NA,NA,0.0104944661396393,0.00489893719140451,0.0085204485361752,0.854344575003115,0.166666666666667
