"BARTMean","BARTsd","MIMean","MIsd","GPMean","GPsd","actual"
0.0897465843030674,7.00598415074388e-06,0.0031225272806805,NA,0.00747717710351513,0.854313482666055,0.0151515151515151
0.0897467590504019,4.70738683823271e-06,0.0735651625473541,0.0942134371820266,0.0113333548879634,0.854347893296376,0.0151515151515151
0.0897513031494688,5.29535871207358e-06,0.00419563682027907,0.00124479085620139,0.0109810209576882,0.854348490612932,0.0151515151515151
