"epochs","BARTMean","BARTsd","MIMean","MIsd","GPMean","GPsd","actual","runtimeBART","runtimeMI","runtimeGP"
1,1.40321930206184e-05,5.50877336984355e-07,2.80470243436759e-06,NA,5.67547843598713e-06,NA,8.71383757406762e-05,7.506,0.00499999999999901,1.105
2,1.42810070638495e-05,7.06849805058838e-07,1.61687106013302e-06,1.02481152495775e-06,5.71270107870188e-06,NA,8.71383757406762e-05,7.506,0.00499999999999901,1.105
