"BARTMean","BARTsd","MIMean","MIsd","GPMean","GPsd","actual"
NA,NA,0.00403873456186747,NA,0.00840097626265193,0.854334983704496,0.166666666666667
NA,NA,0.00491987661219891,0.00105440157027432,0.0080201184629843,0.854342414740485,0.166666666666667
