"BARTMean","BARTsd","MIMean","MIsd","GPMean","GPsd","actual"
NA,NA,3.36709691167056e-16,NA,1.31597589299832e-15,0.439694131576406,2.50521083854427e-08
NA,NA,3.4825292072761e-16,1.81882899129982e-16,1.26531087437868e-15,0.442852332061787,2.50521083854427e-08
