"BARTMean","BARTsd","MIMean","MIsd","GPMean","GPsd","actual"
NA,NA,0.0174058933330714,NA,-0.0552719658588319,0.854310942845085,0.166666666666667
NA,NA,0.00166510336424019,0.000590397489702686,-0.00347341805206853,0.854343742918829,0.166666666666667
