"BARTMean","BARTsd","MIMean","MIsd","GPMean","GPsd","actual"
NA,NA,0.00033288351056114,NA,0.000419112863219479,0.789453758485392,-0.0416666666666667
NA,NA,0.000141896470512773,0.000143922509796649,0.000414457053030082,0.789538981529723,-0.0416666666666667
