"BARTMean","BARTsd","MIMean","MIsd","GPMean","GPsd","actual"
NA,NA,4.72615881013478e-08,NA,5.65805237985531e-07,0.6721480232554,-0.00138888888888889
NA,NA,7.22486330732098e-08,7.71073758367124e-08,5.53435941578495e-07,0.672933308787616,-0.00138888888888889
