"BARTMean","BARTsd","MIMean","MIsd","GPMean","GPsd","actual"
NA,NA,0.0300797921210592,NA,0.156723980599915,0.9243100996438,-0.5
NA,NA,0.253076409982875,0.177352998929327,0.167320700799285,0.924310102862089,-0.5
