"BARTMean","BARTsd","MIMean","MIsd","GPMean","GPsd","actual"
NA,NA,0.0161504061499884,NA,0.000713035045034986,0.789433416884439,-0.0416666666666667
NA,NA,0.000387963257621205,0.000398990680477093,0.000642124558576625,0.789596448431931,-0.0416666666666667
