"BARTMean","BARTsd","MIMean","MIsd","GPMean","GPsd","actual"
0.00395059083668416,1.03904611006955e-05,-0.995263580859476,NA,0.194602574095898,0.924310102699708,0.191784854932628
0.00394496389952955,1.23772491758607e-05,0.333830284130223,0.721847772596416,0.191922390895766,0.924310103204401,0.191784854932628
