"BARTMean","BARTsd","MIMean","MIsd","GPMean","GPsd","actual.integral","actual.error","actual.functionEvaluations","actual.returnCode","actual.integral.1","actual.error.1","actual.functionEvaluations.1","actual.returnCode.1"
0.00177076084372064,8.0079164444986e-05,-0.21235022931347,NA,0.120532387690538,0.169648088328399,0.191784855071154,1.2142864337511e-06,7345919,0,0.191784855071154,1.2142864337511e-06,7345919,0
0.00135984470114424,8.78391808673077e-05,0.610595849389313,0.479323354570521,0.161016451351621,0.174643524001563,0.191784855071154,1.2142864337511e-06,7345919,0,0.191784855071154,1.2142864337511e-06,7345919,0
