"BARTMean","BARTsd","MIMean","MIsd","GPMean","GPsd","actual"
0.000548229492505692,8.04225784296617e-05,0.466687861988696,NA,-0.0705802964003962,0.78835791731523,-0.00475537320931351
0.000836010385872399,8.12474245185921e-05,0.790916315300729,0.0505493504946987,-0.612880317035278,0.789377197960601,-0.00475537320931351
