"BARTMean","BARTsd","MIMean","MIsd","GPMean","GPsd","actual.integral","actual.error","actual.functionEvaluations","actual.returnCode","actual.integral.1","actual.error.1","actual.functionEvaluations.1","actual.returnCode.1"
NA,NA,-0.649152409258695,NA,0.273595979830282,0.169379872981225,0.191784855071154,1.2142864337511e-06,7345919,0,0.191784855071154,1.2142864337511e-06,7345919,0
NA,NA,0.252921431059672,1.04932235396608,0.176125478852771,0.174414556946485,0.191784855071154,1.2142864337511e-06,7345919,0,0.191784855071154,1.2142864337511e-06,7345919,0
