"epochs","BARTMean","BARTsd","MIMean","MIsd","GPMean","GPsd","actual"
1,-0.0903074697589376,0.0547021715251617,0.970675979389172,NA,-1.57976388634969,0.854299206244983,-0.4064
2,-0.104251917440302,0.0619662811922066,-0.849376672857812,0.180208522284742,0.0167408389579398,0.854345189683154,-0.4064
3,-0.0981570218867788,0.0542558395668997,-0.335556825860489,0.366649912036507,-0.364687013788281,0.854347211248075,-0.4064
4,-0.0771621475741491,0.0579056074869847,0.0271906003725219,0.844796272067249,-0.0201548858895432,0.854349004176248,-0.4064
5,-0.0801754889326726,0.0588918056007116,0.193351524333603,0.689444364253965,0.0425610314082649,0.854349078819398,-0.4064
