"BARTMean","BARTsd","MIMean","MIsd","GPMean","GPsd","actual"
-0.000777587846408838,7.23542042533169e-05,-0.0736010168402389,NA,0.150591741487007,0.854346903980921,-0.0162558360001162
-0.000671809215505519,7.37398218363529e-05,-0.30857284503024,0.95658899578941,0.196068830230097,0.854347925204266,-0.0162558360001162
