"BARTMean","BARTsd","MIMean","MIsd","GPMean","GPsd","actual.integral","actual.error","actual.functionEvaluations","actual.returnCode","actual.integral.1","actual.error.1","actual.functionEvaluations.1","actual.returnCode.1"
0.000945771933123343,9.25652076632352e-05,0.895197875414439,NA,-0.246160623120314,0.444026117338481,0.191784855071009,1.21428729135675e-06,8715,0,0.191784855071009,1.21428729135675e-06,8715,0
0.000773322664978211,6.89948734260651e-05,-0.80999291642947,0.260501911048904,-0.199201812572298,0.446540970427703,0.191784855071009,1.21428729135675e-06,8715,0,0.191784855071009,1.21428729135675e-06,8715,0
