"BARTMean","BARTsd","MIMean","MIsd","GPMean","GPsd","actual.integral","actual.error","actual.functionEvaluations","actual.returnCode","actual.integral.1","actual.error.1","actual.functionEvaluations.1","actual.returnCode.1"
0.000475515582380603,8.65127098921717e-05,-0.0726660819052361,NA,-0.101907975948868,0.672370105689688,0.191784855071011,1.21428729135675e-06,651,0,0.191784855071011,1.21428729135675e-06,651,0
0.00114034481522576,6.9949787909873e-05,-0.280083074060983,0.179992108093563,-0.0723028414848815,0.673249323827099,0.191784855071011,1.21428729135675e-06,651,0,0.191784855071011,1.21428729135675e-06,651,0
