"BARTMean","BARTsd","MIMean","MIsd","GPMean","GPsd","actual.integral","actual.error","actual.functionEvaluations","actual.returnCode","actual.integral.1","actual.error.1","actual.functionEvaluations.1","actual.returnCode.1"
NA,NA,6.91698264228913e-13,NA,2.65562962443907e-14,0.169930560264985,0.354346509453237,1.19886372777203e-06,15741255,0,0.354346509453237,1.19886372777203e-06,15741255,0
NA,NA,5.75895185353951e-16,7.74239194727295e-16,8.95449953480401e-11,0.176214871117873,0.354346509453237,1.19886372777203e-06,15741255,0,0.354346509453237,1.19886372777203e-06,15741255,0
