"BARTMean","BARTsd","MIMean","MIsd","GPMean","GPsd","actual.integral","actual.error","actual.functionEvaluations","actual.returnCode","actual.integral.1","actual.error.1","actual.functionEvaluations.1","actual.returnCode.1"
NA,NA,9.18843614443264e-08,NA,0.00206867576299039,0.672350130578007,0.354346509452294,1.19886316488917e-06,1395,0,0.354346509452294,1.19886316488917e-06,1395,0
NA,NA,0.00913686016031573,0.0129214679791839,0.00182876504463175,0.67329758202997,0.354346509452294,1.19886316488917e-06,1395,0,0.354346509452294,1.19886316488917e-06,1395,0
