"BARTMean","BARTsd","MIMean","MIsd","GPMean","GPsd","actual.integral","actual.error","actual.functionEvaluations","actual.returnCode","actual.integral.1","actual.error.1","actual.functionEvaluations.1","actual.returnCode.1"
NA,NA,1.92150788021446e-12,NA,1.22446569319134e-08,0.437219302549484,0.354346509452293,1.19886316403937e-06,18675,0,0.354346509452293,1.19886316403937e-06,18675,0
NA,NA,2.73538829397989e-09,2.15580444950275e-09,4.39981953198703e-08,0.440630035193785,0.354346509452293,1.19886316403937e-06,18675,0,0.354346509452293,1.19886316403937e-06,18675,0
