"BARTMean","BARTsd","MIMean","MIsd","GPMean","GPsd","actual.integral","actual.error","actual.functionEvaluations","actual.returnCode","actual.integral.1","actual.error.1","actual.functionEvaluations.1","actual.returnCode.1"
NA,NA,0.00545033500701964,NA,0.00258064711982891,0.789586577300318,0.354346509452294,1.19886316473109e-06,495,0,0.354346509452294,1.19886316473109e-06,495,0
NA,NA,0.00263486332502697,0.0019565856255251,0.00391782703842954,0.789633296355646,0.354346509452294,1.19886316473109e-06,495,0,0.354346509452294,1.19886316473109e-06,495,0
