"BARTMean","BARTsd","MIMean","MIsd","GPMean","GPsd","actual.integral","actual.error","actual.functionEvaluations","actual.returnCode","actual.integral.1","actual.error.1","actual.functionEvaluations.1","actual.returnCode.1"
NA,NA,1.45033210694881e-21,NA,8.82640805829172e-15,0.170547974981163,0.354346509453237,1.19886372777203e-06,15741255,0,0.354346509453237,1.19886372777203e-06,15741255,0
NA,NA,1.55540990729761e-15,2.14834664391276e-15,6.42081148094142e-13,0.175617199423036,0.354346509453237,1.19886372777203e-06,15741255,0,0.354346509453237,1.19886372777203e-06,15741255,0
