"BARTMean","BARTsd","MIMean","MIsd","GPMean","GPsd","actual.integral","actual.error","actual.functionEvaluations","actual.returnCode","actual.integral.1","actual.error.1","actual.functionEvaluations.1","actual.returnCode.1"
NA,NA,0.00334277106332112,NA,0.00129606049319431,0.85434081558047,0.354346509452294,1.19886316472567e-06,255,0,0.354346509452294,1.19886316472567e-06,255,0
NA,NA,0.140346378167668,0.195700337376209,0.108779586125952,0.854348946800801,0.354346509452294,1.19886316472567e-06,255,0,0.354346509452294,1.19886316472567e-06,255,0
