"epochs","BARTMean","BARTsd","MIMean","MIsd","GPMean","GPsd","actual"
1,0.164313052766302,0.0147525524049984,0.0265399342193614,NA,-0.0407258052244372,0.854341332414328,0.12556
2,0.165241371352087,0.0155132445143616,0.355987394517605,0.498683148893117,-0.0175507094769048,0.854345082028054,0.12556
3,0.159414627299318,0.0136384442508975,0.274954936161869,0.433867008186943,-0.019672145296707,0.854345866324,0.12556
4,0.166674380812073,0.0146267186703462,0.14300848955084,0.211595769722981,0.0356257157961559,0.854349003452989,0.12556
5,0.163082707162727,0.0179213492131646,0.0821506249000307,0.172307484981737,0.0626885598667049,0.854349106375321,0.12556
