"BARTMean","BARTsd","MIMean","MIsd","GPMean","GPsd","actual.integral","actual.error","actual.functionEvaluations","actual.returnCode","actual.integral.1","actual.error.1","actual.functionEvaluations.1","actual.returnCode.1"
NA,NA,0.642449471852473,NA,0.345662627870648,0.924310100732294,0.354346509447012,1.65433106575954e-07,45,0,0.354346509447012,1.65433106575954e-07,45,0
NA,NA,0.766693701854378,0.253243191134692,0.3392064941641,0.924310103344926,0.354346509447012,1.65433106575954e-07,45,0,0.354346509447012,1.65433106575954e-07,45,0
