"BARTMean","BARTsd","MIMean","MIsd","GPMean","GPsd","actual.integral","actual.error","actual.functionEvaluations","actual.returnCode","actual.integral.1","actual.error.1","actual.functionEvaluations.1","actual.returnCode.1","actual.integral.2","actual.error.2","actual.functionEvaluations.2","actual.returnCode.2"
NA,NA,2.83988972542376e-07,NA,2.31807777722442e-05,0.435417365240858,0.367166000787527,6.99511224611093e-07,8715,0,0.367166000787527,6.99511224611093e-07,8715,0,0.367166000787527,6.99511224611093e-07,8715,0
NA,NA,6.81211131554978e-06,8.53987626428399e-06,4.28646848291164e-05,0.441703153028212,0.367166000787527,6.99511224611093e-07,8715,0,0.367166000787527,6.99511224611093e-07,8715,0,0.367166000787527,6.99511224611093e-07,8715,0
NA,NA,5.12153543163478e-06,6.6993892647128e-06,4.60499805558707e-05,0.444282685369943,0.367166000787527,6.99511224611093e-07,8715,0,0.367166000787527,6.99511224611093e-07,8715,0,0.367166000787527,6.99511224611093e-07,8715,0
