"BARTMean","BARTsd","MIMean","MIsd","GPMean","GPsd","actual.integral","actual.error","actual.functionEvaluations","actual.returnCode","actual.integral.1","actual.error.1","actual.functionEvaluations.1","actual.returnCode.1"
NA,NA,6.59328902834532e-13,NA,7.84742986737599e-10,0.169776502874097,0.367166000787622,6.99511171965705e-07,7345919,0,0.367166000787622,6.99511171965705e-07,7345919,0
NA,NA,9.81866057951513e-09,1.38797909940307e-08,7.14286354886145e-09,0.17584024326641,0.367166000787622,6.99511171965705e-07,7345919,0,0.367166000787622,6.99511171965705e-07,7345919,0
