"BARTMean","BARTsd","MIMean","MIsd","GPMean","GPsd","actual"
0.368947109419591,0.00451445049204812,0.104494211432539,NA,0.349451283644807,0.924310103138344,0.36717
0.367431858860405,0.00471082775726911,0.189086682559142,0.0420431849838328,0.346477380749257,0.924310103210145,0.36717
