"BARTMean","BARTsd","MIMean","MIsd","GPMean","GPsd","actual.integral","actual.error","actual.functionEvaluations","actual.returnCode","actual.integral.1","actual.error.1","actual.functionEvaluations.1","actual.returnCode.1","actual.integral.2","actual.error.2","actual.functionEvaluations.2","actual.returnCode.2"
NA,NA,0.0150494869653124,NA,0.0506689099990681,0.789432502771056,0.367166000787523,6.99511220725313e-07,231,0,0.367166000787523,6.99511220725313e-07,231,0,0.367166000787523,6.99511220725313e-07,231,0
NA,NA,0.199119369458077,0.247944284945412,0.0537320943118902,0.789560122630021,0.367166000787523,6.99511220725313e-07,231,0,0.367166000787523,6.99511220725313e-07,231,0,0.367166000787523,6.99511220725313e-07,231,0
NA,NA,0.0175404754070735,0.0205573344719505,0.0332652923928637,0.789632896306186,0.367166000787523,6.99511220725313e-07,231,0,0.367166000787523,6.99511220725313e-07,231,0,0.367166000787523,6.99511220725313e-07,231,0
