"BARTMean","BARTsd","MIMean","MIsd","GPMean","GPsd","actual.integral","actual.error","actual.functionEvaluations","actual.returnCode","actual.integral.1","actual.error.1","actual.functionEvaluations.1","actual.returnCode.1","actual.integral.2","actual.error.2","actual.functionEvaluations.2","actual.returnCode.2"
NA,NA,0.00361449017802246,NA,0.00684679533599107,0.672035281908065,0.367166000787523,6.99511220690618e-07,651,0,0.367166000787523,6.99511220690618e-07,651,0,0.367166000787523,6.99511220690618e-07,651,0
NA,NA,0.0106815044684503,0.00899188870331628,0.00665791669040643,0.673436002993452,0.367166000787523,6.99511220690618e-07,651,0,0.367166000787523,6.99511220690618e-07,651,0,0.367166000787523,6.99511220690618e-07,651,0
NA,NA,0.00111935339490265,0.000337921228173141,0.00779187569881154,0.673792332256541,0.367166000787523,6.99511220690618e-07,651,0,0.367166000787523,6.99511220690618e-07,651,0,0.367166000787523,6.99511220690618e-07,651,0
