"BARTMean","BARTsd","MIMean","MIsd","GPMean","GPsd","actual"
0.144226770235501,0.00664828664282014,0.0444916742131511,NA,0.0887153519202564,0.854346295540512,0.13481
0.146098623891759,0.00520490024917299,0.120024763430723,0.0692838641526843,0.10979091242712,0.854348766589471,0.13481
