"BARTMean","BARTsd","MIMean","MIsd","GPMean","GPsd","actual.integral","actual.error","actual.functionEvaluations","actual.returnCode","actual.integral.1","actual.error.1","actual.functionEvaluations.1","actual.returnCode.1","actual.integral.2","actual.error.2","actual.functionEvaluations.2","actual.returnCode.2"
NA,NA,0.659599073542104,NA,0.35507426229638,0.924310103178843,0.36716600055044,4.07636147670632e-15,45,0,0.36716600055044,4.07636147670632e-15,45,0,0.36716600055044,4.07636147670632e-15,45,0
NA,NA,0.351263739756643,0.262306957736325,0.353072982660026,0.924310103476676,0.36716600055044,4.07636147670632e-15,45,0,0.36716600055044,4.07636147670632e-15,45,0,0.36716600055044,4.07636147670632e-15,45,0
NA,NA,0.184264309378496,0.0833445272191935,0.357801137114385,0.924310104818258,0.36716600055044,4.07636147670632e-15,45,0,0.36716600055044,4.07636147670632e-15,45,0,0.36716600055044,4.07636147670632e-15,45,0
