"BARTMean","BARTsd","MIMean","MIsd","GPMean","GPsd","actual.integral","actual.error","actual.functionEvaluations","actual.returnCode","actual.integral.1","actual.error.1","actual.functionEvaluations.1","actual.returnCode.1","actual.integral.2","actual.error.2","actual.functionEvaluations.2","actual.returnCode.2"
NA,NA,0.01979839523086,NA,0.123012575448556,0.854343500802878,0.367166000787523,6.99511220794702e-07,119,0,0.367166000787523,6.99511220794702e-07,119,0,0.367166000787523,6.99511220794702e-07,119,0
NA,NA,0.0359764913994125,0.000707739633973219,0.117902591065911,0.854348245693733,0.367166000787523,6.99511220794702e-07,119,0,0.367166000787523,6.99511220794702e-07,119,0,0.367166000787523,6.99511220794702e-07,119,0
NA,NA,0.106405160045976,0.140865828442475,0.109596689200946,0.854348776785064,0.367166000787523,6.99511220794702e-07,119,0,0.367166000787523,6.99511220794702e-07,119,0,0.367166000787523,6.99511220794702e-07,119,0
