"BARTMean","BARTsd","MIMean","MIsd","GPMean","GPsd","actual.integral","actual.error","actual.functionEvaluations","actual.returnCode","actual.integral.1","actual.error.1","actual.functionEvaluations.1","actual.returnCode.1","actual.integral.2","actual.error.2","actual.functionEvaluations.2","actual.returnCode.2"
NA,NA,4.19398070611363e-08,NA,6.97133387972677e-10,0.170298352907698,0.367166000787622,6.99511171965705e-07,7345919,0,0.367166000787622,6.99511171965705e-07,7345919,0,0.367166000787622,6.99511171965705e-07,7345919,0
NA,NA,8.12468153690774e-09,1.07902230888163e-08,8.44513932052158e-10,0.175058870781068,0.367166000787622,6.99511171965705e-07,7345919,0,0.367166000787622,6.99511171965705e-07,7345919,0,0.367166000787622,6.99511171965705e-07,7345919,0
NA,NA,2.02983623880847e-11,2.45889081343725e-11,9.43344633877237e-10,0.18020138294454,0.367166000787622,6.99511171965705e-07,7345919,0,0.367166000787622,6.99511171965705e-07,7345919,0,0.367166000787622,6.99511171965705e-07,7345919,0
