"epochs","BARTMean","BARTsd","MIMean","MIsd","PoptMean"
1,35202.3385985965,17027.1706280768,40776.1902222222,53050.3478992427,39205.5237883504
2,34375.3585411041,17675.5805433765,40793.2628774423,53029.8593122209,39205.5237883504
