"epochs","BARTMean","BARTsd","MIMean","MIsd","PoptMean"
1,27214.3745910189,15315.5147613393,40776.1902222222,53050.3478992427,39205.5237883504
2,31923.3616643235,17845.5002301669,40793.2628774423,53029.8593122209,39205.5237883504
